{
  "accuracy": 0.697,
  "f1": 0.749379652605459,
  "roc_auc": 0.7630884942521098,
  "row_count_train": 4000,
  "row_count_test": 1000,
  "classification_report": {
    "0": {
      "precision": 0.6304909560723514,
      "recall": 0.6039603960396039,
      "f1-score": 0.6169405815423514,
      "support": 404.0
    },
    "1": {
      "precision": 0.7389885807504079,
      "recall": 0.7600671140939598,
      "f1-score": 0.749379652605459,
      "support": 596.0
    },
    "accuracy": 0.697,
    "macro avg": {
      "precision": 0.6847397684113796,
      "recall": 0.6820137550667819,
      "f1-score": 0.6831601170739052,
      "support": 1000.0
    },
    "weighted avg": {
      "precision": 0.695155540380473,
      "recall": 0.697,
      "f1-score": 0.6958742678959636,
      "support": 1000.0
    }
  }
}